accuracy,precision,recall,specificity,f1,youden_j,tp,fp,tn,fn
0.966,0.5,0.2647058823529412,0.9906832298136646,0.3461538461538462,0.25538911216660587,27,27,2871,75
